matrixName;n;nnz;Edge Cut;cut cost;imbalance
McRae/ecology1.mtx;1000000;3996000;0.290000;1048.000000;0.000000
McRae/ecology2.mtx;999999;3995992;0.348000;1040.000000;0.000001
Rothberg/3dtube.mtx;45330;3168288;0.069000;36444.000000;0.000000
Rothberg/struct4.mtx;4350;233448;0.011000;8956.000000;0.000000
Rothberg/gearbox.mtx;153746;8926658;0.197000;1193.000000;0.000000
Rothberg/cfd2.mtx;123440;2964458;0.104000;10031.000000;0.000000
Rothberg/struct3.mtx;53570;1120124;0.046000;2083.000000;0.000000
Rothberg/cfd1.mtx;70656;1757708;0.067000;6503.000000;0.000000
Rommes/M80PI_n.mtx;4182;2031;0.003000;0.000000;0.000000
Rommes/S20PI_n1.mtx;1028;514;0.001000;0.000000;0.000000
Rommes/S20PI_n.mtx;1182;531;0.001000;0.000000;0.000000
Rommes/M40PI_n.mtx;2182;1031;0.001000;0.000000;0.000000
Rommes/S80PI_n1.mtx;4028;2014;0.002000;0.000000;0.000000
Rommes/M10PI_n.mtx;682;281;0.001000;0.000000;0.000000
Rommes/M20PI_n1.mtx;1028;514;0.001000;0.000000;0.000000
Rommes/S80PI_n.mtx;4182;2031;0.002000;0.000000;0.000000
Rommes/M40PI_n1.mtx;2028;1014;0.001000;0.000000;0.000000
Rommes/S10PI_n.mtx;682;281;0.001000;0.000000;0.000000
Rommes/S40PI_n.mtx;2182;1031;0.001000;0.000000;0.000000
Rommes/S10PI_n1.mtx;528;264;0.001000;0.000000;0.000000
Rommes/M80PI_n1.mtx;4028;2014;0.002000;0.000000;0.000000
Rommes/M10PI_n1.mtx;528;264;0.001000;0.000000;0.000000
Rommes/M20PI_n.mtx;1182;531;0.001000;0.000000;0.000000
Rommes/S40PI_n1.mtx;2028;1014;0.001000;0.000000;0.000000
JGD_Trefethen/Trefethen_500.mtx;500;7978;0.001000;499.000000;0.000000
JGD_Trefethen/Trefethen_20000b.mtx;19999;534436;0.022000;19998.000000;0.000025
JGD_Trefethen/Trefethen_200.mtx;200;2690;0.001000;199.000000;0.000000
JGD_Trefethen/Trefethen_300.mtx;300;4378;0.001000;299.000000;0.000000
JGD_Trefethen/Trefethen_20b.mtx;19;128;0.001000;18.000000;0.026316
JGD_Trefethen/Trefethen_20.mtx;20;138;0.001000;19.000000;0.000000
JGD_Trefethen/Trefethen_700.mtx;700;11954;0.001000;699.000000;0.000000
JGD_Trefethen/Trefethen_20000.mtx;20000;534466;0.022000;19999.000000;0.000000
JGD_Trefethen/Trefethen_2000.mtx;2000;39906;0.003000;1999.000000;0.000000
JGD_Trefethen/Trefethen_200b.mtx;199;2674;0.001000;198.000000;0.002513
JGD_Trefethen/Trefethen_150.mtx;150;1890;0.001000;149.000000;0.000000
Chen/pkustk01.mtx;22044;957336;0.025000;7407.000000;0.000000
Chen/pkustk03.mtx;63336;3067080;0.062000;5184.000000;0.000000
Chen/pkustk11.mtx;87804;5130108;0.103000;39204.000000;0.000000
Chen/pkustk10.mtx;80676;4228308;0.081000;24948.000000;0.000000
Chen/pkustk12.mtx;94653;7417664;0.169000;22305.000000;0.000005
Chen/pkustk09.mtx;33960;1549680;0.032000;4248.000000;0.000000
Chen/pkustk05.mtx;37164;2167980;0.041000;10980.000000;0.000000
Chen/pkustk02.mtx;10800;799200;0.016000;2952.000000;0.000000
Chen/pkustk14.mtx;151926;14684578;0.292000;13887.000000;0.000000
Chen/pkustk06.mtx;43164;2528604;0.055000;13176.000000;0.000000
Chen/pkustk08.mtx;22209;3204462;0.078000;80300.000000;0.000023
Chen/pkustk13.mtx;94893;6521934;0.171000;33221.000000;0.000005
Chen/pkustk04.mtx;55590;4163070;0.095000;14274.000000;0.000000
Chen/pkustk07.mtx;16860;2401944;0.058000;66915.000000;0.000000
HB/bcsstm03.mtx;112;56;0.002000;0.000000;0.000000
HB/can_161.mtx;161;1216;0.002000;64.000000;0.003106
HB/plat1919.mtx;1919;30480;0.003000;183.000000;0.000261
HB/bcsstk19.mtx;817;6036;0.001000;10.000000;0.000612
HB/lund_a.mtx;147;2302;0.001000;111.000000;0.003401
HB/bcsstk30.mtx;28924;2014568;0.048000;10080.000000;0.000000
HB/bcsstk17.mtx;10974;417676;0.014000;3910.000000;0.000000
HB/can_24.mtx;24;136;0.001000;10.000000;0.000000
HB/dwt_1242.mtx;1242;9184;0.002000;65.000000;0.000000
HB/dwt_869.mtx;869;6416;0.001000;43.000000;0.000575
HB/jagmesh1.mtx;936;5328;0.001000;50.000000;0.000000
HB/lshp1882.mtx;1882;11022;0.002000;89.000000;0.000000
HB/bcspwr10.mtx;5300;16542;0.004000;47.000000;0.000000
HB/nos4.mtx;100;494;0.001000;12.000000;0.000000
HB/bcsstm12.mtx;1473;18186;0.002000;141.000000;0.000339
HB/jagmesh6.mtx;1377;7616;0.002000;17.000000;0.000363
HB/jagmesh4.mtx;1440;8064;0.002000;38.000000;0.000000
HB/dwt_1007.mtx;1007;7568;0.001000;55.000000;0.000497
HB/dwt_512.mtx;512;2990;0.001000;1.000000;0.000000
HB/bcsstk07.mtx;420;7440;0.001000;108.000000;0.000000
HB/bcsstk03.mtx;112;528;0.001000;0.000000;0.000000
HB/lshp_778.mtx;778;4494;0.001000;57.000000;0.000000
HB/lshp3025.mtx;3025;17808;0.003000;117.000000;0.000165
HB/dwt_59.mtx;59;208;0.001000;4.000000;0.008475
HB/bcspwr07.mtx;1612;4212;0.002000;13.000000;0.000000
HB/man_5976.mtx;5976;219164;0.006000;2516.000000;0.000000
HB/can_256.mtx;256;2660;0.001000;147.000000;0.000000
HB/orsreg_1.mtx;2205;12250;0.002000;121.000000;0.000227
HB/bcsstm21.mtx;3600;1800;0.001000;0.000000;0.000000
HB/dwt_992.mtx;992;15752;0.002000;192.000000;0.000000
HB/lshp_406.mtx;406;2310;0.001000;41.000000;0.000000
HB/bcsstk28.mtx;4410;214614;0.005000;1696.000000;0.000000
HB/dwt_492.mtx;492;2664;0.001000;4.000000;0.000000
HB/jagmesh7.mtx;1138;6312;0.001000;52.000000;0.000000
HB/bcspwr04.mtx;274;1338;0.001000;17.000000;0.000000
HB/can_715.mtx;715;5950;0.002000;150.000000;0.000699
HB/bcsstk11.mtx;1473;32768;0.002000;315.000000;0.000339
HB/lock_700.mtx;700;21484;0.002000;690.000000;0.000000
HB/662_bus.mtx;662;1812;0.001000;17.000000;0.000000
HB/bcsstk02.mtx;66;4290;0.001000;1089.000000;0.000000
HB/lshp2233.mtx;2233;13104;0.002000;100.000000;0.000224
HB/can_838.mtx;838;9172;0.002000;196.000000;0.000000
HB/dwt_607.mtx;607;4524;0.001000;85.000000;0.000824
HB/lock1074.mtx;1074;50550;0.002000;783.000000;0.000000
HB/cegb3024.mtx;3024;76852;0.003000;408.000000;0.000000
HB/bcspwr09.mtx;1723;4788;0.002000;16.000000;0.000290
HB/dwt_878.mtx;878;6570;0.001000;50.000000;0.000000
HB/bcsstk31.mtx;35588;1145828;0.040000;5292.000000;0.000000
HB/bcspwr01.mtx;39;92;0.001000;4.000000;0.012821
HB/bcsstk22.mtx;138;558;0.001000;7.000000;0.000000
HB/lshp_265.mtx;265;1488;0.001000;32.000000;0.001887
HB/steam2.mtx;600;13188;0.001000;240.000000;0.000000
HB/bcsstm07.mtx;420;6832;0.001000;108.000000;0.000000
HB/bcsstk20.mtx;485;2650;0.001000;11.000000;0.001031
HB/saylr3.mtx;1000;2750;0.001000;54.000000;0.000000
HB/orsirr_1.mtx;1030;5967;0.002000;122.000000;0.000000
HB/can_61.mtx;61;496;0.001000;21.000000;0.008197
HB/steam3.mtx;80;856;0.001000;16.000000;0.000000
HB/dwt_307.mtx;307;2216;0.001000;61.000000;0.001629
HB/cegb3306.mtx;3306;71694;0.003000;792.000000;0.000000
HB/dwt_234.mtx;234;600;0.001000;0.000000;0.000000
HB/dwt_419.mtx;419;3144;0.001000;47.000000;0.001193
HB/blckhole.mtx;2132;12740;0.002000;130.000000;0.000000
HB/bcsstk01.mtx;48;352;0.001000;24.000000;0.000000
HB/lshp1009.mtx;1009;5856;0.002000;65.000000;0.000496
HB/685_bus.mtx;685;2564;0.001000;17.000000;0.000730
HB/plat362.mtx;362;5424;0.001000;122.000000;0.000000
HB/ash85.mtx;85;438;0.001000;13.000000;0.005882
HB/bcspwr02.mtx;49;118;0.001000;5.000000;0.010204
HB/bcsstk23.mtx;3134;42044;0.004000;751.000000;0.000000
HB/lock2232.mtx;2232;78144;0.003000;504.000000;0.000000
HB/nos6.mtx;675;2580;0.001000;32.000000;0.000741
HB/bcsstk25.mtx;15439;236802;0.013000;721.000000;0.000032
HB/494_bus.mtx;494;1172;0.002000;11.000000;0.000000
HB/bcsstm27.mtx;1224;54902;0.002000;573.000000;0.000000
HB/nos2.mtx;957;3180;0.001000;4.000000;0.000522
HB/ash292.mtx;292;1916;0.001000;21.000000;0.000000
HB/bcsstm19.mtx;817;408;0.001000;0.000000;0.000612
HB/can_292.mtx;292;2248;0.001000;85.000000;0.000000
HB/bcsstm23.mtx;3134;1567;0.001000;0.000000;0.000000
HB/dwt_2680.mtx;2680;22346;0.003000;85.000000;0.000000
HB/bcsstk33.mtx;8738;583166;0.017000;13109.000000;0.000000
HB/sstmodel.mtx;3345;19404;0.003000;110.000000;0.000149
HB/young2c.mtx;841;3395;0.001000;31.000000;0.000595
HB/dwt_1005.mtx;1005;7616;0.002000;87.000000;0.000498
HB/nos7.mtx;729;3888;0.001000;100.000000;0.000686
HB/dwt_87.mtx;87;454;0.001000;12.000000;0.005747
HB/bcsstm06.mtx;420;210;0.001000;0.000000;0.000000
HB/bcsstk06.mtx;420;7440;0.001000;108.000000;0.000000
HB/bcsstm20.mtx;485;242;0.001000;0.000000;0.001031
HB/saylr4.mtx;3564;18752;0.003000;98.000000;0.000000
HB/orsirr_2.mtx;886;5202;0.001000;87.000000;0.000000
HB/jagmesh8.mtx;1141;6324;0.002000;57.000000;0.000438
HB/eris1176.mtx;1176;17376;0.002000;28.000000;0.000000
HB/bcsstm09.mtx;1083;541;0.001000;0.000000;0.000462
HB/lock3491.mtx;3491;157028;0.004000;823.000000;0.000143
HB/bcsstm13.mtx;2003;19940;0.003000;866.000000;0.000250
HB/bcsstk13.mtx;2003;81880;0.005000;2391.000000;0.000250
HB/dwt_221.mtx;221;1408;0.001000;19.000000;0.002262
HB/dwt_918.mtx;918;6466;0.002000;62.000000;0.000000
HB/dwt_162.mtx;162;1020;0.001000;18.000000;0.000000
HB/plskz362.mtx;362;880;0.002000;-418.500000;0.000000
HB/dwt_592.mtx;592;4512;0.001000;68.000000;0.000000
HB/can_187.mtx;187;1304;0.001000;33.000000;0.002674
HB/can_96.mtx;96;672;0.001000;32.000000;0.000000
HB/can_73.mtx;73;304;0.001000;22.000000;0.006849
HB/hor_131.mtx;434;4293;0.001000;137.000000;0.000000
HB/bcsstm01.mtx;48;24;0.001000;12.000000;0.000000
HB/lshp1561.mtx;1561;9120;0.002000;81.000000;0.000320
HB/bcsstk29.mtx;13992;605496;0.013000;2887.000000;0.000000
HB/nos5.mtx;468;4704;0.002000;226.000000;0.000000
HB/nos3.mtx;960;14884;0.002000;296.000000;0.000000
HB/bcsstk05.mtx;153;2270;0.001000;90.000000;0.003268
HB/can_144.mtx;144;1152;0.001000;22.000000;0.000000
HB/bcspwr05.mtx;443;1180;0.001000;10.000000;0.001129
HB/plsk1919.mtx;1919;4831;0.023000;2130.000000;0.000261
HB/can_634.mtx;634;6594;0.002000;182.000000;0.000000
HB/dwt_503.mtx;503;5524;0.001000;119.000000;0.000994
HB/lshp3466.mtx;3466;20430;0.003000;155.000000;0.000000
HB/bcsstm05.mtx;153;76;0.001000;0.000000;0.003268
HB/young4c.mtx;841;3395;0.001000;31.000000;0.000595
HB/bcspwr06.mtx;1454;3846;0.002000;7.000000;0.000000
HB/jagmesh3.mtx;1089;6272;0.002000;65.000000;0.000459
HB/1138_bus.mtx;1138;2916;0.001000;24.000000;0.000000
HB/jagmesh2.mtx;1009;5856;0.002000;65.000000;0.000496
HB/jagmesh9.mtx;1349;7752;0.002000;41.000000;0.000371
HB/bcsstk24.mtx;3562;156348;0.004000;2076.000000;0.000000
HB/dwt_209.mtx;209;1534;0.001000;52.000000;0.002392
HB/bcsstk09.mtx;1083;17354;0.002000;374.000000;0.000462
HB/bcsstm26.mtx;1922;961;0.001000;0.000000;0.000000
HB/cegb2802.mtx;2802;274668;0.006000;3186.000000;0.000000
HB/nos1.mtx;237;780;0.001000;4.000000;0.002110
HB/bcsstk27.mtx;1224;54902;0.002000;573.000000;0.000000
HB/bcsstm04.mtx;132;66;0.001000;0.000000;0.000000
HB/bcsstk10.mtx;1086;20984;0.001000;153.000000;0.000000
HB/bcsstk26.mtx;1922;28414;0.002000;272.000000;0.000000
HB/bcsstm22.mtx;138;69;0.001000;0.000000;0.000000
HB/bcsstm08.mtx;1074;537;0.001000;0.000000;0.000000
HB/dwt_193.mtx;193;3300;0.001000;139.000000;0.002591
HB/dwt_245.mtx;245;1216;0.001000;21.000000;0.002041
HB/dwt_198.mtx;198;1194;0.001000;17.000000;0.000000
HB/lund_b.mtx;147;2294;0.001000;110.000000;0.003401
HB/dwt_310.mtx;310;2138;0.001000;20.000000;0.000000
HB/lshp1270.mtx;1270;7398;0.002000;73.000000;0.000000
HB/bcsstm24.mtx;3562;1781;0.001000;0.000000;0.000000
HB/bcsstk04.mtx;132;3516;0.001000;292.000000;0.000000
HB/bcsstk14.mtx;1806;61648;0.003000;782.000000;0.000000
HB/can_268.mtx;268;2814;0.001000;94.000000;0.000000
HB/bcsstk32.mtx;44609;1970092;0.049000;8967.000000;0.000011
HB/bcspwr08.mtx;1624;4426;0.002000;11.000000;0.000000
HB/bcsstk12.mtx;1473;32768;0.002000;315.000000;0.000339
HB/zenios.mtx;2873;24318;0.003000;0.000000;0.000174
HB/can_1072.mtx;1072;11372;0.002000;158.000000;0.000000
HB/bcsstm25.mtx;15439;7719;0.005000;0.000000;0.000032
HB/saylr1.mtx;238;933;0.001000;19.000000;0.000000
HB/dwt_72.mtx;72;150;0.001000;3.000000;0.000000
HB/jagmesh5.mtx;1180;6570;0.002000;57.000000;0.000000
HB/dwt_361.mtx;361;2592;0.001000;41.000000;0.001385
HB/bcsstm02.mtx;66;33;0.001000;0.000000;0.000000
HB/bcsstm10.mtx;1086;21006;0.001000;153.000000;0.000000
HB/bcsstk16.mtx;4884;285494;0.007000;2340.000000;0.000000
HB/bcsstk08.mtx;1074;11886;0.003000;889.000000;0.000000
HB/dwt_346.mtx;346;2880;0.002000;60.000000;0.000000
HB/can_229.mtx;229;1548;0.001000;52.000000;0.002183
HB/can_1054.mtx;1054;11142;0.002000;152.000000;0.000000
HB/lshp_577.mtx;577;3312;0.001000;49.000000;0.000867
HB/cegb2919.mtx;2919;318684;0.008000;8253.000000;0.000171
HB/bcsstk18.mtx;11948;137142;0.011000;708.000000;0.000000
HB/bcsstk15.mtx;3948;113868;0.005000;1477.000000;0.000000
HB/dwt_66.mtx;66;254;0.001000;4.000000;0.000000
HB/lap_25.mtx;25;144;0.001000;14.000000;0.020000
HB/lshp2614.mtx;2614;15366;0.002000;105.000000;0.000000
HB/steam1.mtx;240;3537;0.001000;180.000000;0.000000
HB/can_62.mtx;62;156;0.001000;8.000000;0.000000
HB/can_445.mtx;445;3364;0.001000;124.000000;0.001124
HB/dwt_758.mtx;758;5236;0.001000;34.000000;0.000000
HB/bcsstk21.mtx;3600;23000;0.002000;0.000000;0.000000
HB/young1c.mtx;841;3395;0.001000;31.000000;0.000595
HB/gr_30_30.mtx;900;6844;0.001000;91.000000;0.000000
HB/bcspwr03.mtx;118;358;0.001000;11.000000;0.000000
HB/bcsstm11.mtx;1473;736;0.001000;0.000000;0.000339
Lee/fem_hifreq_circuit.mtx;491100;19765174;0.554000;63015.000000;0.000000
Lee/fem_filter.mtx;74062;1662239;0.079000;6433.000000;0.000000
Simon/appu.mtx;14000;1839205;0.259000;383999.000000;0.000000
UTEP/Dubcova2.mtx;65025;965200;0.058000;2334.000000;0.000008
UTEP/Dubcova1.mtx;16129;236880;0.015000;1038.000000;0.000031
UTEP/Dubcova3.mtx;146689;3489960;0.125000;8093.000000;0.000003
Barabasi/NotreDame_yeast.mtx;2114;4406;0.002000;53.000000;0.000000
CEMW/tmt_unsym.mtx;917825;3820177;0.352000;1201.000000;0.000001
CEMW/tmt_sym.mtx;726713;4354248;0.341000;2035.000000;0.000001
CEMW/vfem.mtx;93476;1347297;0.077000;5969.000000;0.000000
Watson/Baumann.mtx;112211;662953;0.047000;1243.000000;0.000004
Williams/consph.mtx;83334;5927146;0.128000;60899.000000;0.000000
Williams/cop20k_A.mtx;121192;2524488;0.125000;7158.000000;0.000000
Williams/pdb1HYS.mtx;36417;4308348;0.083000;27142.000000;0.000014
Williams/cant.mtx;62451;3944932;0.096000;5588.000000;0.000008
Brunetiere/thermal.mtx;3456;63270;0.003000;312.000000;0.000000
FreeFieldTechnologies/mono_500Hz.mtx;169410;4872137;0.257000;29265.000000;0.000000
DIMACS10/fe_sphere.mtx;16386;98304;0.014000;454.000000;0.000000
DIMACS10/delaunay_n19.mtx;524288;3145646;0.318000;2599.000000;0.000000
DIMACS10/delaunay_n23.mtx;8388608;50331568;5.723000;8699.000000;0.000000
DIMACS10/kron_g500-logn17.mtx;131072;10227970;1.330000;118743.000000;0.000000
DIMACS10/598a.mtx;110971;1483868;0.144000;2837.000000;0.000005
DIMACS10/fe_rotor.mtx;99617;1324862;0.101000;4154.000000;0.000005
DIMACS10/coAuthorsDBLP.mtx;299067;1955352;0.580000;50875.000000;0.000002
DIMACS10/vsp_bump2_e18_aa01_model1_crew1.mtx;56438;601602;0.141000;28412.000000;0.000000
DIMACS10/delaunay_n10.mtx;1024;6112;0.003000;71.000000;0.000000
DIMACS10/kron_g500-logn19.mtx;524288;43561574;8.743000;325607.000000;0.000000
DIMACS10/delaunay_n22.mtx;4194304;25165738;2.773000;4800.000000;0.000000
DIMACS10/fe_ocean.mtx;143437;819186;0.085000;527.000000;0.000003
DIMACS10/vsp_p0291_seymourl_iiasa.mtx;10498;107736;0.031000;7464.000000;0.000000
DIMACS10/coAuthorsCiteseer.mtx;227320;1628268;0.292000;20265.000000;0.000000
DIMACS10/vsp_barth5_1Ksep_50in_5Kout.mtx;32212;203610;0.039000;4586.000000;0.000000
DIMACS10/G_n_pin_pout.mtx;100000;1002396;0.287000;117996.000000;0.000000
DIMACS10/smallworld.mtx;100000;999996;0.119000;48759.000000;0.000000
DIMACS10/cti.mtx;16840;96464;0.008000;337.000000;0.000000
DIMACS10/vsp_bcsstk30_500sep_10in_1Kout.mtx;58348;4033156;0.186000;9620.000000;0.000000
DIMACS10/fe_4elt2.mtx;11143;65636;0.009000;130.000000;0.000045
DIMACS10/vsp_c-30_data_data.mtx;11023;124368;0.014000;1751.000000;0.000045
DIMACS10/t60k.mtx;60005;178880;0.023000;119.000000;0.000008
DIMACS10/delaunay_n12.mtx;4096;24528;0.004000;139.000000;0.000000
DIMACS10/preferentialAttachment.mtx;100000;999970;0.324000;148509.000000;0.000000
DIMACS10/cs4.mtx;22499;87716;0.028000;687.000000;0.000022
DIMACS10/vsp_mod2_pgp2_slptsk.mtx;101364;778736;0.226000;46953.000000;0.000000
DIMACS10/vsp_c-60_data_cti_cs4.mtx;85830;482160;0.091000;6517.000000;0.000000
DIMACS10/wing.mtx;62032;243088;0.058000;934.000000;0.000000
DIMACS10/vsp_data_and_seymourl.mtx;9167;111732;0.025000;7847.000000;0.000055
DIMACS10/wing_nodal.mtx;10937;150976;0.020000;1802.000000;0.000046
DIMACS10/kron_g500-logn16.mtx;65536;4912142;0.552000;73990.000000;0.000000
DIMACS10/coPapersDBLP.mtx;540486;30491458;1.766000;600112.000000;0.000000
DIMACS10/fe_tooth.mtx;78136;905182;0.078000;4516.000000;0.000000
DIMACS10/channel-500x100x100-b050.mtx;4802000;85362744;3.279000;60858.000000;0.000000
DIMACS10/144.mtx;144649;2148786;0.167000;6869.000000;0.000003
DIMACS10/vsp_vibrobox_scagr7-2c_rlfddd.mtx;77328;871172;0.152000;43611.000000;0.000000
DIMACS10/delaunay_n11.mtx;2048;12254;0.002000;88.000000;0.000000
DIMACS10/delaunay_n17.mtx;131072;786352;0.078000;962.000000;0.000000
DIMACS10/venturiLevel3.mtx;4026819;16108474;1.765000;877.000000;0.000000
DIMACS10/caidaRouterLevel.mtx;192244;1218132;0.343000;19616.000000;0.000000
DIMACS10/delaunay_n21.mtx;2097152;12582816;1.382000;3421.000000;0.000000
DIMACS10/data.mtx;2851;30186;0.003000;222.000000;0.000175
DIMACS10/m14b.mtx;214765;3358036;0.268000;6827.000000;0.000002
DIMACS10/fe_body.mtx;45087;327468;0.035000;405.000000;0.000011
DIMACS10/vsp_msc10848_300sep_100in_1Kout.mtx;21996;2442056;0.090000;738.000000;0.000000
DIMACS10/chesapeake.mtx;39;340;0.002000;46.000000;0.012821
DIMACS10/delaunay_n14.mtx;16384;98244;0.011000;260.000000;0.000000
DIMACS10/vsp_model1_crew1_cr42_south31.mtx;45101;379952;0.083000;25379.000000;0.000011
DIMACS10/delaunay_n13.mtx;8192;49094;0.006000;207.000000;0.000000
DIMACS10/road_central.mtx;14081816;33866826;12.713000;414.000000;0.000000
DIMACS10/vsp_sctap1-2b_and_seymourl.mtx;40174;281662;0.094000;16956.000000;0.000000
DIMACS10/delaunay_n16.mtx;65536;393150;0.037000;559.000000;0.000000
DIMACS10/coPapersCiteseer.mtx;434102;32073440;1.354000;268601.000000;0.000000
DIMACS10/uk.mtx;4824;13674;0.003000;31.000000;0.000000
DIMACS10/adaptive.mtx;6815744;27248640;2.563000;2428.000000;0.000000
DIMACS10/citationCiteseer.mtx;268495;2313294;0.621000;35425.000000;0.000002
DIMACS10/packing-500x100x100-b050.mtx;2145852;34976486;1.579000;10243.000000;0.000000
DIMACS10/road_usa.mtx;23947347;57708624;25.068000;355.000000;0.000000
DIMACS10/vsp_finan512_scagr7-2c_rlfddd.mtx;139752;1104040;0.193000;14808.000000;0.000000
DIMACS10/vsp_befref_fxm_2_4_air02.mtx;14109;196448;0.034000;3701.000000;0.000035
DIMACS10/delaunay_n20.mtx;1048576;6291372;0.672000;2759.000000;0.000000
DIMACS10/auto.mtx;448695;6629222;0.645000;15618.000000;0.000001
DIMACS10/vsp_south31_slptsk.mtx;39668;379828;0.073000;25171.000000;0.000000
DIMACS10/kron_g500-logn18.mtx;262144;21165372;3.281000;201624.000000;0.000000
DIMACS10/delaunay_n18.mtx;262144;1572792;0.154000;1287.000000;0.000000
DIMACS10/delaunay_n15.mtx;32768;196548;0.026000;671.000000;0.000000
Okunbor/aft01.mtx;8205;117362;0.008000;513.000000;0.000061
Okunbor/aft02.mtx;8184;120107;0.006000;514.000000;0.000000
JGD_Homology/n3c6-b7.mtx;6435;51480;0.012000;4304.000000;0.000078
Oberwolfach/gyro_m.mtx;17361;323070;0.023000;69.000000;0.000029
Oberwolfach/t2dah_e.mtx;11445;164672;0.012000;513.000000;0.000044
Oberwolfach/LFAT5000.mtx;19994;59972;0.008000;2.000000;0.000000
Oberwolfach/LF10000.mtx;19998;79984;0.008000;4.000000;0.000000
Oberwolfach/t3dh_a.mtx;79171;4272934;0.154000;47298.000000;0.000006
Oberwolfach/t3dh_e.mtx;79171;4272934;0.155000;47298.000000;0.000006
Oberwolfach/rail_79841.mtx;79841;475072;0.057000;459.000000;0.000006
Oberwolfach/t2dah_a.mtx;11445;164672;0.008000;513.000000;0.000044
Oberwolfach/t2dal_e.mtx;4257;2128;0.003000;0.000000;0.000117
Oberwolfach/windscreen.mtx;22692;1459296;0.031000;8553.000000;0.000000
Oberwolfach/piston.mtx;2025;3370;0.002000;16.000000;0.000247
Oberwolfach/spiral.mtx;1434;1136304;0.032000;169017.000000;0.000000
Oberwolfach/rail_20209.mtx;20209;119264;0.017000;236.000000;0.000025
Oberwolfach/t2dal_a.mtx;4257;33208;0.006000;130.000000;0.000117
Oberwolfach/LF10.mtx;18;64;0.001000;4.000000;0.000000
Oberwolfach/rail_1357.mtx;1357;7640;0.003000;45.000000;0.000368
Oberwolfach/gyro_k.mtx;17361;1003798;0.027000;629.000000;0.000029
Oberwolfach/LFAT5.mtx;14;32;0.001000;2.000000;0.000000
Oberwolfach/t3dl_a.mtx;20360;489506;0.024000;6128.000000;0.000000
Oberwolfach/rail_5177.mtx;5177;30064;0.005000;110.000000;0.000097
Oberwolfach/t3dl_e.mtx;20360;10180;0.005000;0.000000;0.000000
Bindel/ted_B_unscaled.mtx;10605;133974;0.008000;93.000000;0.000047
Bindel/ted_B.mtx;10605;133974;0.007000;93.000000;0.000047
SNAP/roadNet-PA.mtx;1090920;3083796;0.658000;270.000000;0.000000
SNAP/roadNet-TX.mtx;1393383;3843320;0.890000;288.000000;0.000000
SNAP/as-Skitter.mtx;1696415;22190596;5.465000;349736.000000;0.000000
SNAP/roadNet-CA.mtx;1971281;5533214;1.188000;480.000000;0.000000
SNAP/email-Enron.mtx;36692;367662;0.054000;10699.000000;0.000000
Cunningham/m3plates.mtx;11107;3319;0.006000;0.000000;0.000045
Cunningham/k3plates.mtx;11107;368143;0.011000;1031.000000;0.000045
Nasa/skirt.mtx;12598;183922;0.011000;113.000000;0.000000
Nasa/pwt.mtx;36519;289588;0.018000;362.000000;0.000014
Nasa/shuttle_eddy.mtx;10429;93170;0.006000;137.000000;0.000048
Janna/Hook_1498.mtx;1498023;59419422;1.922000;139268.000000;0.000000
Janna/Serena.mtx;1391349;63140352;2.007000;200702.000000;0.000000
Janna/Long_Coup_dt0.mtx;1470152;85618840;1.687000;300064.000000;0.000000
Janna/ML_Laplace.mtx;377002;27318377;0.476000;58125.000000;0.000000
Janna/Geo_1438.mtx;1437960;61718730;1.861000;167922.000000;0.000000
Janna/CoupCons3D.mtx;416800;21914935;0.414000;60568.000000;0.000000
Janna/Fault_639.mtx;638802;27975762;0.825000;121617.000000;0.000000
Janna/Long_Coup_dt6.mtx;1470152;85618840;1.685000;300064.000000;0.000000
Janna/Emilia_923.mtx;923136;40082070;1.144000;138375.000000;0.000000
Janna/StocF-1465.mtx;1465137;19540252;1.233000;9017.000000;0.000000
Janna/Flan_1565.mtx/Flan_1565.mtx;1564794;115841250;2.213000;35433.000000;0.000000
Janna/Cube_Coup_dt0.mtx/Cube_Coup_dt0.mtx;2164760;125041384;2.376000;347568.000000;0.000000
Janna/Cube_Coup_dt6.mtx/Cube_Coup_dt6.mtx;2164760;125041384;2.362000;347568.000000;0.000000
JGD_SPG/EX5.mtx;6545;295680;0.032000;29538.000000;0.000076
JGD_SPG/EX6.mtx;6545;295680;0.026000;28840.000000;0.000076
JGD_SPG/EX1.mtx;560;8736;0.002000;816.000000;0.000000
JGD_SPG/EX3.mtx;2600;71760;0.008000;6710.000000;0.000000
JGD_SPG/EX4.mtx;2600;71760;0.007000;6718.000000;0.000000
JGD_SPG/EX2.mtx;560;8736;0.002000;810.000000;0.000000
Sandia/adder_trans_01.mtx;1814;12800;0.004000;786.000000;0.000000
Sandia/ASIC_320k.mtx;321821;2353304;0.378000;211564.000000;0.000002
Sandia/ASIC_680k.mtx;682862;3327107;0.589000;378503.000000;0.000000
Sandia/ASIC_100ks.mtx;99190;493796;0.070000;1493.000000;0.000000
Sandia/ASIC_680ks.mtx;682712;1800349;0.363000;1680.000000;0.000000
Sandia/ASIC_100k.mtx;99340;865656;0.093000;96441.000000;0.000000
Sandia/adder_trans_02.mtx;1814;12800;0.003000;786.000000;0.000000
Sandia/ASIC_320ks.mtx;321671;1553325;0.223000;4072.000000;0.000002
Pajek/USpowerGrid.mtx;4941;13188;0.005000;22.000000;0.000101
Pajek/GD06_theory.mtx;101;380;0.001000;52.000000;0.004950
Bai/cdde1.mtx;961;3887;0.002000;32.000000;0.000520
Bai/pde900.mtx;900;3637;0.002000;32.000000;0.000000
Bai/rdb450.mtx;450;2200;0.001000;33.000000;0.000000
Bai/pde225.mtx;225;881;0.001000;16.000000;0.002222
Bai/qc2534.mtx;2534;460826;0.009000;181.000000;0.000000
Bai/rdb450l.mtx;450;2200;0.001000;33.000000;0.000000
Bai/qh1484.mtx;1484;5118;0.002000;18.000000;0.000000
Bai/rdb968.mtx;968;4811;0.001000;48.000000;0.000000
Bai/bfwb398.mtx;398;2512;0.001000;14.000000;0.000000
Bai/bfwb62.mtx;62;280;0.001000;6.000000;0.000000
Bai/rdb2048_noL.mtx;2048;10288;0.001000;64.000000;0.000000
Bai/pde2961.mtx;2961;12129;0.002000;48.000000;0.000169
Bai/dwg961b.mtx;961;9630;0.002000;140.000000;0.000520
Bai/bwm200.mtx;200;636;0.001000;2.000000;0.000000
Bai/tub100.mtx;100;316;0.001000;6.000000;0.000000
Bai/rdb1250l.mtx;1250;6238;0.001000;53.000000;0.000000
Bai/rdb800l.mtx;800;3962;0.001000;44.000000;0.000000
Bai/mhd3200b.mtx;3200;15116;0.002000;0.000000;0.000000
Bai/dwg961a.mtx;961;2700;0.001000;30.000000;0.000520
Bai/mhdb416.mtx;416;1896;0.001000;0.000000;0.000000
Bai/bfwb782.mtx;782;5200;0.001000;16.000000;0.000000
Bai/rdb5000.mtx;5000;25333;0.002000;104.000000;0.000000
Bai/cdde3.mtx;961;3887;0.001000;32.000000;0.000520
Bai/rdb2048.mtx;2048;10288;0.002000;64.000000;0.000000
Bai/rdb3200l.mtx;3200;16152;0.002000;80.000000;0.000000
Bai/ck104.mtx;104;899;0.001000;0.000000;0.000000
Bai/rdb200.mtx;200;952;0.001000;20.000000;0.000000
Bai/qc324.mtx;324;26406;0.003000;81.000000;0.000000
Bai/cdde6.mtx;961;3887;0.002000;32.000000;0.000520
Bai/cdde2.mtx;961;3887;0.002000;32.000000;0.000520
Bai/cdde5.mtx;961;3887;0.002000;32.000000;0.000520
Bai/bwm2000.mtx;2000;6396;0.002000;2.000000;0.000000
Bai/rdb1250.mtx;1250;6238;0.002000;53.000000;0.000000
Bai/odepb400.mtx;400;199;0.001000;0.000000;0.000000
Bai/cdde4.mtx;961;3887;0.002000;32.000000;0.000520
Bai/tub1000.mtx;1000;3196;0.001000;6.000000;0.000000
Bai/mhd4800b.mtx;4800;22720;0.002000;0.000000;0.000000
Bai/rdb200l.mtx;200;952;0.001000;20.000000;0.000000
Gupta/gupta2.mtx;62064;4186222;0.344000;154091.000000;0.000000
Gupta/gupta3.mtx;16783;9306644;0.236000;1143782.000000;0.000030
Gupta/gupta1.mtx;31802;2132408;0.172000;73809.000000;0.000000
MathWorks/tomography.mtx;500;28241;0.004000;4011.000000;0.000000
MathWorks/Muu.mtx;7102;163032;0.004000;0.000000;0.000000
MathWorks/Kaufhold.mtx;8765;35200;0.008000;93.000000;0.000057
MathWorks/Kuu.mtx;7102;333098;0.009000;3191.000000;0.000000
Zaoui/kkt_power.mtx;2063494;12964640;1.802000;28445.000000;0.000000
FEMLAB/problem1.mtx;415;2417;0.002000;43.000000;0.001205
AMD/G2_circuit.mtx;150102;576572;0.062000;462.000000;0.000000
AMD/G3_circuit.mtx;1585478;6075348;0.699000;1409.000000;0.000000
MaxPlanck/shallow_water2.mtx;81920;245760;0.045000;456.000000;0.000000
MaxPlanck/shallow_water1.mtx;81920;245760;0.045000;456.000000;0.000000
Newman/power.mtx;4941;13188;0.005000;19.000000;0.000101
Newman/karate.mtx;34;156;0.001000;10.000000;0.000000
Norris/heart1.mtx;3557;1384227;0.030000;89382.000000;0.000141
Norris/fv1.mtx;9604;75660;0.004000;303.000000;0.000000
Norris/fv3.mtx;9801;77224;0.005000;299.000000;0.000051
Norris/fv2.mtx;9801;77224;0.005000;299.000000;0.000051
Norris/heart3.mtx;2339;680473;0.015000;40340.000000;0.000214
Norris/heart2.mtx;2339;680473;0.015000;40340.000000;0.000214
Alemdar/Alemdar.mtx;6245;36336;0.008000;225.000000;0.000080
JGD_BIBD/bibd_81_2.mtx;3240;1620;0.001000;0.000000;0.000000
FIDAP/ex28.mtx;2603;75283;0.004000;754.000000;0.000192
FIDAP/ex10.mtx;2410;52430;0.003000;193.000000;0.000000
FIDAP/ex35.mtx;19716;210087;0.009000;66.000000;0.000000
FIDAP/ex14.mtx;3251;63524;0.004000;718.000000;0.000154
FIDAP/ex40.mtx;7740;450479;0.014000;4325.000000;0.000000
FIDAP/ex31.mtx;3909;111600;0.005000;794.000000;0.000128
FIDAP/ex4.mtx;1601;30698;0.005000;739.000000;0.000312
FIDAP/ex25.mtx;848;23813;0.003000;582.000000;0.000000
FIDAP/ex21.mtx;656;18515;0.003000;601.000000;0.000000
FIDAP/ex22.mtx;839;21915;0.002000;274.000000;0.000596
FIDAP/ex8.mtx;3096;103360;0.004000;1044.000000;0.000000
FIDAP/ex20.mtx;2203;67871;0.004000;836.000000;0.000227
FIDAP/ex10hs.mtx;2548;54760;0.003000;440.000000;0.000000
FIDAP/ex23.mtx;1409;42343;0.003000;639.000000;0.000355
FIDAP/ex12.mtx;3973;76238;0.004000;404.000000;0.000126
FIDAP/ex33.mtx;1733;20456;0.002000;112.000000;0.000289
FIDAP/ex2.mtx;441;26398;0.002000;1206.000000;0.001134
FIDAP/ex26.mtx;2163;91908;0.004000;2025.000000;0.000231
FIDAP/ex29.mtx;2870;21199;0.002000;116.000000;0.000000
FIDAP/ex5.mtx;27;252;0.001000;20.000000;0.018519
FIDAP/ex11.mtx;16614;1080655;0.026000;8167.000000;0.000000
FIDAP/ex19.mtx;12005;248422;0.008000;0.000000;0.000042
FIDAP/ex37.mtx;3565;64170;0.006000;1190.000000;0.000140
FIDAP/ex15.mtx;6867;91804;0.007000;249.000000;0.000073
FIDAP/ex3.mtx;1821;50864;0.003000;576.000000;0.000275
FIDAP/ex27.mtx;974;39844;0.003000;1066.000000;0.000000
FIDAP/ex24.mtx;2283;46562;0.004000;480.000000;0.000219
FIDAP/ex36.mtx;3079;50941;0.005000;304.000000;0.000162
FIDAP/ex9.mtx;3363;96108;0.004000;576.000000;0.000149
FIDAP/ex32.mtx;1159;10184;0.002000;88.000000;0.000431
FIDAP/ex7.mtx;1633;52965;0.004000;1248.000000;0.000306
FIDAP/ex13.mtx;2568;73060;0.003000;512.000000;0.000000
FIDAP/ex1.mtx;216;4147;0.001000;218.000000;0.000000
FIDAP/ex18.mtx;5773;66508;0.004000;0.000000;0.000087
FIDAP/ex6.mtx;1651;47956;0.003000;561.000000;0.000303
Gaertner/big.mtx;13209;80141;0.010000;132.000000;0.000038
Gaertner/pesa.mtx;11738;69646;0.007000;111.000000;0.000000
Gaertner/nopoly.mtx;10774;60068;0.006000;62.000000;0.000000
QLi/largebasis.mtx;440020;5153928;0.245000;72.000000;0.000000
Schenk_AFE/af_shell10.mtx;1508065;51164260;1.145000;29131.000000;0.000000
GHS_indef/aug2d.mtx;29008;76832;0.017000;100.000000;0.000000
GHS_indef/tuma1.mtx;22967;74400;0.018000;250.000000;0.000022
GHS_indef/ncvxqp1.mtx;12111;66852;0.019000;1540.000000;0.000041
GHS_indef/ncvxqp3.mtx;75000;449964;0.074000;3611.000000;0.000000
GHS_indef/ncvxqp9.mtx;16554;44986;0.013000;51.000000;0.000000
GHS_indef/copter2.mtx;55476;704476;0.055000;3953.000000;0.000000
GHS_indef/linverse.mtx;11999;83978;0.005000;8.000000;0.000042
GHS_indef/helm3d01.mtx;32226;396218;0.035000;4561.000000;0.000000
GHS_indef/ncvxbqp1.mtx;50000;299968;0.037000;1116.000000;0.000000
GHS_indef/bmw3_2.mtx;227362;11061268;0.243000;17656.000000;0.000000
GHS_indef/mario002.mtx;389874;1867114;0.295000;1344.000000;0.000000
GHS_indef/a0nsdsil.mtx;80016;310026;0.045000;10014.000000;0.000000
GHS_indef/spmsrtls.mtx;29995;199952;0.010000;7.000000;0.000017
GHS_indef/mario001.mtx;38434;183026;0.024000;405.000000;0.000000
GHS_indef/qpband.mtx;20000;30000;0.004000;0.000000;0.000000
GHS_indef/bloweya.mtx;30004;140008;0.015000;5020.000000;0.000000
GHS_indef/a2nnsnsl.mtx;80016;302214;0.038000;15051.000000;0.000000
GHS_indef/tuma2.mtx;12992;41850;0.007000;123.000000;0.000000
GHS_indef/aug2dc.mtx;30200;80000;0.011000;104.000000;0.000000
GHS_indef/helm2d03.mtx;392257;2349678;0.255000;1602.000000;0.000001
GHS_indef/k1_san.mtx;67759;512820;0.059000;1909.000000;0.000007
GHS_indef/stokes128.mtx;49666;525312;0.034000;1384.000000;0.000000
GHS_indef/turon_m.mtx;189924;1557062;0.148000;4485.000000;0.000000
GHS_indef/bloweybq.mtx;10001;59990;0.008000;5018.000000;0.000050
GHS_indef/a5esindl.mtx;60008;220000;0.026000;12492.000000;0.000000
GHS_indef/ncvxqp7.mtx;87500;524962;0.088000;5857.000000;0.000000
GHS_indef/stokes64.mtx;12546;131584;0.013000;664.000000;0.000000
GHS_indef/stokes64s.mtx;12546;131584;0.010000;664.000000;0.000000
GHS_indef/darcy003.mtx;389874;1867114;0.289000;1344.000000;0.000000
GHS_indef/bloweybl.mtx;30003;99998;0.020000;5011.000000;0.000017
GHS_indef/olesnik0.mtx;88263;683186;0.065000;735.000000;0.000006
GHS_indef/brainpc2.mtx;27607;165588;0.019000;20712.000000;0.000018
GHS_indef/aug3d.mtx;24300;69984;0.009000;339.000000;0.000000
GHS_indef/blockqp1.mtx;60012;600022;0.052000;40010.000000;0.000000
GHS_indef/sparsine.mtx;50000;1498988;0.157000;56070.000000;0.000000
GHS_indef/laser.mtx;3002;8000;0.002000;2.000000;0.000000
GHS_indef/dtoc.mtx;24993;69972;0.012000;3.000000;0.000020
GHS_indef/exdata_1.mtx;6001;2263500;0.047000;2002.000000;0.000083
GHS_indef/d_pretok.mtx;182730;1512512;0.124000;3203.000000;0.000000
GHS_indef/cvxqp3.mtx;17500;104962;0.021000;2246.000000;0.000000
GHS_indef/dixmaanl.mtx;60000;239998;0.016000;5.000000;0.000000
GHS_indef/aug3dcqp.mtx;35543;100572;0.018000;441.000000;0.000014
GHS_indef/sit100.mtx;10262;53904;0.008000;401.000000;0.000000
GHS_indef/dawson5.mtx;51537;959240;0.036000;140.000000;0.000010
GHS_indef/ncvxqp5.mtx;62500;374966;0.055000;2382.000000;0.000000
Rajat/rajat06.mtx;10922;36122;0.008000;80.000000;0.000000
Rajat/rajat12.mtx;1879;11328;0.003000;744.000000;0.000266
Rajat/rajat08.mtx;19362;64162;0.011000;219.000000;0.000000
Rajat/rajat13.mtx;7598;42596;0.005000;2166.000000;0.000000
Rajat/rajat31.mtx;4690002;16506700;2.058000;2379.000000;0.000000
Rajat/rajat14.mtx;180;1351;0.003000;159.000000;0.000000
Rajat/rajat07.mtx;14842;49142;0.010000;118.000000;0.000000
Rajat/rajat04.mtx;1041;8751;0.003000;547.000000;0.000480
Rajat/rajat02.mtx;1960;9242;0.004000;53.000000;0.000000
Rajat/rajat15.mtx;37261;410299;0.034000;2062.000000;0.000013
Rajat/rajat10.mtx;30202;100202;0.013000;213.000000;0.000000
Rajat/rajat03.mtx;7602;26528;0.005000;86.000000;0.000000
Rajat/rajat09.mtx;24482;81182;0.009000;110.000000;0.000000
Cote/vibrobox.mtx;12328;330500;0.021000;11884.000000;0.000000
Cote/mplate.mtx;5962;136228;0.010000;3079.000000;0.000000
Castrillon/denormal.mtx;89400;1066824;0.038000;1576.000000;0.000000
Andrews/Andrews.mtx;60000;700154;0.091000;4653.000000;0.000000
Mancktelow/viscorocks.mtx;37762;1125715;0.031000;1681.000000;0.000000
Bates/Chem97ZtZ.mtx;2541;4885;0.002000;0.000000;0.000197
DNVS/crplat2.mtx;18010;942936;0.020000;3935.000000;0.000000
DNVS/thread.mtx;29736;4440312;0.097000;55899.000000;0.000000
DNVS/shipsec5.mtx;179860;9933236;0.199000;29753.000000;0.000000
DNVS/tsyl201.mtx;20685;2434272;0.053000;24461.000000;0.000024
DNVS/fcondp2.mtx;201822;11092494;0.212000;41472.000000;0.000000
DNVS/ship_001.mtx;34920;4609310;0.083000;16856.000000;0.000000
DNVS/m_t1.mtx;97578;9655992;0.172000;36396.000000;0.000000
DNVS/fullb.mtx;199187;11508890;0.234000;45657.000000;0.000003
DNVS/troll.mtx;213453;11771658;0.253000;40502.000000;0.000002
DNVS/shipsec8.mtx;114919;6538480;0.140000;34952.000000;0.000004
DNVS/halfb.mtx;224617;12163204;0.247000;41066.000000;0.000002
DNVS/ship_003.mtx;121728;7964306;0.157000;28413.000000;0.000000
DNVS/shipsec1.mtx;140874;7672530;0.154000;26577.000000;0.000000
DNVS/trdheim.mtx;22098;1913226;0.033000;3825.000000;0.000000
DNVS/x104.mtx;108384;10059240;0.171000;42660.000000;0.000000
Garon/garon1.mtx;3175;85866;0.005000;1049.000000;0.000157
Garon/garon2.mtx;13535;377458;0.014000;2227.000000;0.000037
LAW/dblp-2010.mtx;326186;1615400;0.323000;15746.000000;0.000000
LAW/hollywood-2009.mtx/hollywood-2009.mtx;1139905;112751422;24.891000;1867713.000000;0.000000
Ronis/xenon1.mtx;48600;1134526;0.041000;7218.000000;0.000000
Ronis/xenon2.mtx;157464;3715578;0.128000;12471.000000;0.000000
Gset/G51.mtx;1000;11818;0.005000;1468.000000;0.000000
Gset/G4.mtx;800;38352;0.013000;7647.000000;0.000000
Gset/G42.mtx;2000;23558;0.007000;2937.000000;0.000000
Gset/G37.mtx;2000;23570;0.006000;2892.000000;0.000000
Gset/G31.mtx;2000;39980;0.013000;6868.000000;0.000000
Gset/G7.mtx;800;38352;0.009000;7687.000000;0.000000
Gset/G26.mtx;2000;39980;0.012000;6868.000000;0.000000
Gset/G59.mtx;5000;59140;0.013000;7252.000000;0.000000
Gset/G2.mtx;800;38352;0.008000;7687.000000;0.000000
Gset/G34.mtx;2000;8000;0.001000;80.000000;0.000000
Gset/G56.mtx;5000;24996;0.009000;2483.000000;0.000000
Gset/G40.mtx;2000;23532;0.005000;2828.000000;0.000000
Gset/G64.mtx;7000;82918;0.017000;10177.000000;0.000000
Gset/G13.mtx;800;3200;0.001000;66.000000;0.000000
Gset/G27.mtx;2000;39980;0.011000;6874.000000;0.000000
Gset/G47.mtx;1000;19980;0.007000;3393.000000;0.000000
Gset/G62.mtx;7000;28000;0.003000;204.000000;0.000000
Gset/G3.mtx;800;38352;0.010000;7636.000000;0.000000
Gset/G15.mtx;800;9322;0.003000;1128.000000;0.000000
Gset/G9.mtx;800;38352;0.009000;7647.000000;0.000000
Gset/G24.mtx;2000;39980;0.010000;6891.000000;0.000000
Gset/G63.mtx;7000;82918;0.016000;10177.000000;0.000000
Gset/G5.mtx;800;38352;0.008000;7687.000000;0.000000
Gset/G53.mtx;1000;11828;0.003000;1425.000000;0.000000
Gset/G52.mtx;1000;11832;0.003000;1500.000000;0.000000
Gset/G35.mtx;2000;23556;0.005000;2861.000000;0.000000
Gset/G33.mtx;2000;8000;0.001000;50.000000;0.000000
Gset/G39.mtx;2000;23556;0.005000;2861.000000;0.000000
Gset/G36.mtx;2000;23532;0.005000;2828.000000;0.000000
Gset/G60.mtx;7000;34296;0.012000;3311.000000;0.000000
Gset/G65.mtx;8000;32000;0.003000;200.000000;0.000000
Gset/G54.mtx;1000;11832;0.003000;1385.000000;0.000000
Gset/G20.mtx;800;9344;0.003000;1155.000000;0.000000
Gset/G38.mtx;2000;23558;0.006000;2937.000000;0.000000
Gset/G46.mtx;1000;19980;0.006000;3433.000000;0.000000
Gset/G1.mtx;800;38352;0.008000;7661.000000;0.000000
Gset/G41.mtx;2000;23570;0.008000;2892.000000;0.000000
Gset/G49.mtx;3000;12000;0.002000;60.000000;0.000000
Gset/G21.mtx;800;9334;0.003000;1088.000000;0.000000
Gset/G8.mtx;800;38352;0.010000;7636.000000;0.000000
Gset/G44.mtx;1000;19980;0.007000;3469.000000;0.000000
Gset/G55.mtx;5000;24996;0.009000;2483.000000;0.000000
Gset/G16.mtx;800;9344;0.003000;1155.000000;0.000000
Gset/G28.mtx;2000;39980;0.010000;6818.000000;0.000000
Gset/G48.mtx;3000;12000;0.002000;100.000000;0.000000
Gset/G43.mtx;1000;19980;0.006000;3409.000000;0.000000
Gset/G45.mtx;1000;19980;0.006000;3416.000000;0.000000
Gset/G57.mtx;5000;20000;0.002000;100.000000;0.000000
Gset/G6.mtx;800;38352;0.008000;7661.000000;0.000000
Gset/G17.mtx;800;9334;0.003000;1088.000000;0.000000
Gset/G30.mtx;2000;39980;0.010000;6885.000000;0.000000
Gset/G23.mtx;2000;39980;0.010000;6812.000000;0.000000
Gset/G66.mtx;9000;36000;0.005000;180.000000;0.000000
Gset/G25.mtx;2000;39980;0.014000;6885.000000;0.000000
Gset/G58.mtx;5000;59140;0.013000;7252.000000;0.000000
Gset/G32.mtx;2000;8000;0.001000;40.000000;0.000000
Gset/G50.mtx;3000;12000;0.003000;50.000000;0.000000
Gset/G18.mtx;800;9388;0.003000;1166.000000;0.000000
Gset/G19.mtx;800;9322;0.003000;1128.000000;0.000000
Gset/G12.mtx;800;3200;0.001000;32.000000;0.000000
Gset/G22.mtx;2000;39980;0.011000;6874.000000;0.000000
Gset/G61.mtx;7000;34296;0.013000;3311.000000;0.000000
Gset/G29.mtx;2000;39980;0.011000;6891.000000;0.000000
Gset/G11.mtx;800;3200;0.001000;16.000000;0.000000
Gset/G14.mtx;800;9388;0.002000;1166.000000;0.000000
Gset/G67.mtx;10000;40000;0.003000;200.000000;0.000000
Gset/G10.mtx;800;38352;0.008000;7687.000000;0.000000
Nemeth/nemeth10.mtx;9506;391942;0.012000;237.000000;0.000000
Nemeth/nemeth07.mtx;9506;385306;0.009000;231.000000;0.000000
Nemeth/nemeth01.mtx;9506;715548;0.014000;752.000000;0.000000
Nemeth/nemeth13.mtx;9506;464966;0.010000;327.000000;0.000000
Nemeth/nemeth11.mtx;9506;398758;0.009000;244.000000;0.000000
Nemeth/nemeth05.mtx;9506;385302;0.009000;231.000000;0.000000
Nemeth/nemeth21.mtx;9506;1164240;0.020000;1939.000000;0.000000
Nemeth/nemeth22.mtx;9506;1349326;0.023000;2619.000000;0.000000
Nemeth/nemeth17.mtx;9506;620114;0.013000;555.000000;0.000000
Nemeth/nemeth25.mtx;9506;1502252;0.025000;3298.000000;0.000000
Nemeth/nemeth06.mtx;9506;385302;0.009000;231.000000;0.000000
Nemeth/nemeth23.mtx;9506;1497304;0.025000;3270.000000;0.000000
Nemeth/nemeth18.mtx;9506;685728;0.014000;676.000000;0.000000
Nemeth/nemeth12.mtx;9506;437312;0.010000;290.000000;0.000000
Nemeth/nemeth16.mtx;9506;577506;0.012000;483.000000;0.000000
Nemeth/nemeth09.mtx;9506;386000;0.009000;231.000000;0.000000
Nemeth/nemeth26.mtx;9506;1502254;0.026000;3298.000000;0.000000
Nemeth/nemeth14.mtx;9506;486638;0.011000;351.000000;0.000000
Nemeth/nemeth24.mtx;9506;1497044;0.025000;3284.000000;0.000000
Nemeth/nemeth19.mtx;9506;808796;0.015000;940.000000;0.000000
Nemeth/nemeth04.mtx;9506;385302;0.009000;231.000000;0.000000
Nemeth/nemeth08.mtx;9506;385310;0.009000;231.000000;0.000000
Nemeth/nemeth15.mtx;9506;530296;0.012000;410.000000;0.000000
Nemeth/nemeth03.mtx;9506;385302;0.009000;231.000000;0.000000
Nemeth/nemeth20.mtx;9506;962364;0.018000;1344.000000;0.000000
Nemeth/nemeth02.mtx;9506;385302;0.009000;231.000000;0.000000
Botonakis/thermomech_TC.mtx;102158;609400;0.076000;331.000000;0.000000
Botonakis/thermomech_TK.mtx;102158;609400;0.075000;331.000000;0.000000
Botonakis/FEM_3D_thermal2.mtx;147900;3347347;0.110000;8174.000000;0.000000
Botonakis/thermomech_dM.mtx;204316;1218800;0.102000;0.000000;0.012902
Botonakis/thermomech_dK.mtx;204316;2655772;0.144000;1168.000000;0.000000
Botonakis/FEM_3D_thermal1.mtx;17880;413568;0.014000;1536.000000;0.000000
Arenas/email.mtx;1133;10902;0.003000;821.000000;0.000441
Belcastro/human_gene1.mtx;22283;24647360;0.992000;220349.000000;0.000022
Belcastro/human_gene2.mtx;14340;18054048;0.743000;544938.000000;0.000000
Belcastro/mouse_gene.mtx;45101;28922190;1.451000;130304.000000;0.000011
Lourakis/bundle1.mtx;10581;760320;0.021000;22227.000000;0.000047
Lin/Lin.mtx;256000;1510400;0.083000;3200.000000;0.000000
Andrianov/net4-1.mtx;88343;2353384;0.115000;22086.000000;0.000006
Andrianov/net150.mtx;43520;3077680;0.144000;19040.000000;0.000000
Andrianov/net75.mtx;23120;1466080;0.071000;8840.000000;0.000000
Andrianov/lpl1.mtx;32460;295576;0.031000;812.000000;0.000000
Andrianov/net25.mtx;9520;391680;0.021000;1755.000000;0.000000
Andrianov/net50.mtx;16320;928880;0.057000;5440.000000;0.000000
Andrianov/pattern1.mtx;19242;9304190;0.287000;44447.000000;0.000000
Andrianov/ex3sta1.mtx;16782;662216;0.026000;11349.000000;0.000000
Andrianov/fxm3_6.mtx;5026;89000;0.006000;210.000000;0.000000
Andrianov/lp1.mtx;534388;1109032;0.277000;123265.000000;0.000000
Andrianov/mip1.mtx;66463;10286356;0.238000;44227.000000;0.000008
Andrianov/pf2177.mtx;9728;715416;0.054000;68279.000000;0.000000
Andrianov/fxm4_6.mtx;18892;478952;0.027000;724.000000;0.000000
Andrianov/ins2.mtx;309412;2442072;0.254000;317649.000000;0.000000
Andrianov/net125.mtx;36720;2540480;0.119000;15640.000000;0.000000
Andrianov/net100.mtx;29920;2003280;0.095000;12240.000000;0.000000
Koutsovasilis/F2.mtx;71505;5222780;0.146000;11452.000000;0.000007
Bodendiek/CurlCurl_1.mtx;226451;2245620;0.162000;6669.000000;0.000002
Bodendiek/CurlCurl_4.mtx;2380515;24135352;1.577000;37782.000000;0.000000
Bodendiek/CurlCurl_0.mtx;11083;102260;0.014000;629.000000;0.000045
Bodendiek/CurlCurl_2.mtx;806529;8115260;0.548000;16979.000000;0.000001
Bodendiek/CurlCurl_3.mtx;1219574;12325044;0.710000;28781.000000;0.000000
IBM_Austin/coupled.mtx;11341;88414;0.014000;2385.000000;0.000044
Wang/wang1.mtx;2903;16592;0.003000;190.000000;0.000172
Wang/swang2.mtx;3169;18111;0.003000;93.000000;0.000158
Wang/wang4.mtx;26068;154554;0.010000;986.000000;0.000000
Wang/wang2.mtx;2903;16592;0.004000;190.000000;0.000172
Wang/swang1.mtx;3169;18111;0.003000;93.000000;0.000158
Mulvey/pfinan512.mtx;74752;522240;0.035000;162.000000;0.000000
Mulvey/finan512.mtx;74752;522240;0.035000;162.000000;0.000000
Freescale/transient.mtx;178866;817759;0.122000;17943.000000;0.000000
Freescale/FullChip.mtx;2987012;24011272;3.685000;2174452.500000;0.000000
Freescale/circuit5M.mtx/circuit5M.mtx;5558326;54893962;5.088000;342262.000000;0.000000
Li/li.mtx;22695;1328528;0.047000;21531.000000;0.000022
Li/pli.mtx;22695;1327614;0.060000;21520.000000;0.000022
TKK/cbuckle.mtx;13681;502284;0.015000;2429.000000;0.000037
TKK/plbuckle.mtx;1282;12844;0.002000;224.000000;0.000000
TKK/tube1.mtx;21498;875558;0.020000;4328.000000;0.000000
GHS_psdef/hood.mtx;220542;10547894;0.263000;15386.000000;0.000000
GHS_psdef/copter2.mtx;55476;704476;0.056000;3953.000000;0.000000
GHS_psdef/apache2.mtx;715176;4102694;0.226000;2699.000000;0.000000
GHS_psdef/inline_1.mtx;503712;36312630;0.921000;38151.000000;0.000000
GHS_psdef/cvxbqp1.mtx;50000;299968;0.037000;1116.000000;0.000000
GHS_psdef/audikw_1.mtx;943695;76708152;2.068000;240068.000000;0.000001
GHS_psdef/pwt.mtx;36519;289588;0.026000;362.000000;0.000014
GHS_psdef/crankseg_1.mtx;52804;10561406;0.208000;94748.000000;0.000000
GHS_psdef/copter1.mtx;17222;193842;0.015000;1412.000000;0.000000
GHS_psdef/ford2.mtx;100196;444492;0.053000;653.000000;0.000000
GHS_psdef/crankseg_2.mtx;63838;14085020;0.276000;138533.000000;0.000000
GHS_psdef/ldoor.mtx;952203;45570272;1.266000;30820.000000;0.000001
GHS_psdef/ford1.mtx;18728;82848;0.011000;153.000000;0.000000
GHS_psdef/pds10.mtx;16558;133100;0.018000;3160.000000;0.000000
GHS_psdef/bmw7st_1.mtx;141347;7198320;0.162000;13562.000000;0.000004
GHS_psdef/jnlbrng1.mtx;40000;159200;0.015000;214.000000;0.000000
GHS_psdef/obstclae.mtx;40000;157608;0.013000;208.000000;0.000000
GHS_psdef/srb1.mtx;54924;2907228;0.049000;9792.000000;0.000000
GHS_psdef/torsion1.mtx;40000;157608;0.019000;208.000000;0.000000
GHS_psdef/finance256.mtx;37376;261120;0.018000;162.000000;0.000000
GHS_psdef/gridgena.mtx;48962;463122;0.025000;402.000000;0.000000
GHS_psdef/oilpan.mtx;73752;3523436;0.073000;10633.000000;0.000000
GHS_psdef/apache1.mtx;80800;461384;0.024000;872.000000;0.000000
GHS_psdef/wathen120.mtx;36441;529320;0.018000;1331.000000;0.000014
GHS_psdef/bmwcra_1.mtx;148770;10495232;0.229000;24072.000000;0.000000
GHS_psdef/minsurfo.mtx;40806;162816;0.019000;274.000000;0.000000
GHS_psdef/opt1.mtx;15449;1915206;0.040000;26952.000000;0.000032
GHS_psdef/vanbody.mtx;47072;2289826;0.052000;8573.000000;0.000000
GHS_psdef/wathen100.mtx;30401;441200;0.017000;1316.000000;0.000016
GHS_psdef/ramage02.mtx;16830;2849522;0.065000;81599.000000;0.000000
ND/nd12k.mtx;36000;14184946;0.254000;413784.000000;0.000000
ND/nd3k.mtx;9000;3270690;0.065000;150262.000000;0.000000
ND/nd6k.mtx;18000;6879316;0.128000;268129.000000;0.000000
ND/nd24k.mtx;72000;28643634;0.511000;690176.000000;0.000000
Boeing/bcsstk38.mtx;8032;347428;0.012000;2216.000000;0.000000
Boeing/msc00726.mtx;726;33792;0.005000;2646.000000;0.000000
Boeing/bcsstm39.mtx;46772;23386;0.010000;0.000000;0.000000
Boeing/bcsstk37.mtx;25503;1115474;0.029000;5560.000000;0.000020
Boeing/bcsstm35.mtx;30237;11097;0.008000;0.000000;0.000017
Boeing/bcsstm34.mtx;588;23682;0.002000;956.000000;0.000000
Boeing/crystm02.mtx;13965;308940;0.012000;1065.000000;0.000036
Boeing/bcsstk34.mtx;588;20830;0.002000;940.000000;0.000000
Boeing/crystk02.mtx;13965;954618;0.022000;9581.000000;0.000036
Boeing/msc04515.mtx;4515;93192;0.005000;560.000000;0.000111
Boeing/nasa4704.mtx;4704;100052;0.005000;1397.000000;0.000000
Boeing/bcsstm38.mtx;8032;6467;0.003000;0.000000;0.000000
Boeing/pcrystk03.mtx;24696;1726482;0.033000;12282.000000;0.000000
Boeing/pcrystk02.mtx;13965;954618;0.023000;9581.000000;0.000036
Boeing/pwtk.mtx;217918;11416506;0.206000;13799.000000;0.000000
Boeing/bcsstk39.mtx;46772;2042522;0.044000;3429.000000;0.000000
Boeing/msc10848.mtx;10848;1218930;0.027000;19989.000000;0.000000
Boeing/bcsstk35.mtx;30237;1419926;0.032000;3392.000000;0.000017
Boeing/crystk01.mtx;4875;311016;0.008000;4452.000000;0.000103
Boeing/msc01050.mtx;1050;28106;0.003000;1476.000000;0.000000
Boeing/crystk03.mtx;24696;1726482;0.033000;12282.000000;0.000000
Boeing/crystm01.mtx;4875;100464;0.005000;495.000000;0.000103
Boeing/msc23052.mtx;23052;1131762;0.029000;5544.000000;0.000000
Boeing/nasa2910.mtx;2910;171386;0.006000;4441.000000;0.000000
Boeing/bcsstm37.mtx;25503;7834;0.007000;0.000000;0.000020
Boeing/pct20stif.mtx;52329;2646134;0.067000;14802.000000;0.000010
Boeing/msc01440.mtx;1440;44830;0.003000;881.000000;0.000000
Boeing/bcsstm36.mtx;23052;308434;0.014000;1244.000000;0.000000
Boeing/bcsstk36.mtx;23052;1120088;0.025000;5700.000000;0.000000
Boeing/crystm03.mtx;24696;559074;0.019000;1365.000000;0.000000
Boeing/ct20stif.mtx;52329;2646134;0.067000;14802.000000;0.000010
INPRO/msdoor.mtx;415863;19825072;0.500000;32034.000000;0.000001
Sinclair/3Dspectralwave2.mtx;292008;141888;0.058000;0.000000;0.000000
Sinclair/3Dspectralwave.mtx;680943;303888;0.186000;0.000000;0.000001
